"Order_ID","Distance_km","Weather","Traffic_Level","Time_of_Day","Vehicle_Type","Preparation_Time_min","Courier_Experience_yrs","Delivery_Time_min","speed","Late_Delivery_Flag"
522,7.93,"Windy","Low","Afternoon","Scooter",12,1,43,0.184418604651163,"on time"
738,16.42,"Clear","Medium","Evening","Bike",20,2,84,0.19547619047619,"late"
741,9.52,"Foggy","Low","Night","Scooter",28,1,59,0.16135593220339,"late"
661,7.44,"Rainy","Medium","Afternoon","Scooter",5,1,37,0.201081081081081,"on time"
412,19.03,"Clear","Low","Morning","Bike",16,5,68,0.279852941176471,"late"
679,19.4,"Clear","Low","Evening","Scooter",8,9,57,0.340350877192982,"late"
627,9.52,"Clear","Low","Unknown","Bike",12,1,49,0.194285714285714,"on time"
514,17.39,"Clear","Medium","Evening","Scooter",5,6,46,0.37804347826087,"on time"
860,1.78,"Snowy","Low","Evening","Car",20,6,35,0.0508571428571429,"on time"
137,10.62,"Foggy","Low","Evening","Scooter",29,1,73,0.145479452054795,"late"
812,16.86,"Snowy","Medium","Afternoon","Car",13,4,88,0.191590909090909,"late"
77,15.54,"Clear","Low","Night","Bike",29,1,76,0.204473684210526,"late"
637,10.89,"Clear","High","Night","Bike",12,5,53,0.205471698113208,"on time"
974,4.69,"Rainy","Medium","Evening","Scooter",12,7,36,0.130277777777778,"on time"
939,2.8,"Clear","High","Morning","Scooter",10,4.57938144329897,33,0.0848484848484848,"on time"
900,2.17,"Snowy","Low","Evening","Car",15,3,35,0.062,"on time"
281,17.86,"Rainy","Low","Afternoon","Bike",5,1,50,0.3572,"on time"
884,2.53,"Snowy","Low","Morning","Bike",6,8,24,0.105416666666667,"on time"
762,6.58,"Foggy","Low","Evening","Car",6,7,27,0.243703703703704,"on time"
320,5.38,"Clear","Medium","Evening","Scooter",26,1,47,0.114468085106383,"on time"
550,15.56,"Rainy","Low","Afternoon","Scooter",28,0,72,0.216111111111111,"late"
175,13.08,"Rainy","Low","Morning","Car",16,4,58,0.22551724137931,"late"
372,0.86,"Clear","High","Afternoon","Bike",26,5,37,0.0232432432432432,"on time"
528,5.83,"Clear","High","Evening","Car",27,9,56,0.104107142857143,"on time"
211,11.2,"Clear","Medium","Morning","Bike",23,4.57938144329897,73,0.153424657534247,"late"
236,14.59,"Clear","Medium","Morning","Bike",15,6,64,0.22796875,"late"
102,12.91,"Windy","Medium","Evening","Bike",11,6,56,0.230535714285714,"on time"
987,13.92,"Snowy","Low","Morning","Scooter",18,4,70,0.198857142857143,"late"
903,4.04,"Snowy","Low","Night","Bike",11,9,70,0.0577142857142857,"late"
347,12.88,"Clear","Medium","Morning","Scooter",8,5,52,0.247692307692308,"on time"
140,19.45,"Rainy","High","Morning","Scooter",20,6,108,0.180092592592593,"late"
622,4.58,"Clear","High","Morning","Scooter",22,9,45,0.101777777777778,"on time"
500,19.73,"Foggy","Medium","Evening","Bike",27,4,111,0.177747747747748,"late"
371,2.47,"Windy","Medium","Morning","Bike",27,2,44,0.0561363636363636,"on time"
199,17.8,"Snowy","Medium","Morning","Bike",16,9,73,0.243835616438356,"late"
688,5.96,"Clear","Medium","Afternoon","Bike",22,7,45,0.132444444444444,"on time"
585,12.85,"Windy","Medium","Afternoon","Scooter",18,7,61,0.210655737704918,"late"
902,1.02,"Clear","Medium","Afternoon","Bike",25,4,34,0.03,"on time"
60,6.84,"Rainy","Medium","Night","Car",14,8,47,0.145531914893617,"on time"
329,8.68,"Rainy","Medium","Morning","Bike",8,5,52,0.166923076923077,"on time"
97,10.69,"Clear","Medium","Night","Bike",25,9,67,0.15955223880597,"late"
313,0.99,"Unknown","Medium","Evening","Bike",15,4.57938144329897,32,0.0309375,"on time"
975,1.11,"Clear","Low","Morning","Bike",5,6,8,0.13875,"on time"
300,2.16,"Snowy","Low","Evening","Scooter",15,0,36,0.06,"on time"
278,13.17,"Windy","Medium","Afternoon","Bike",16,4,67,0.196567164179104,"late"
925,8.79,"Snowy","Low","Night","Bike",14,6,43,0.204418604651163,"on time"
602,5.93,"Clear","Low","Afternoon","Scooter",19,3,36,0.164722222222222,"on time"
440,2.09,"Rainy","Low","Night","Bike",23,2,36,0.0580555555555556,"on time"
838,7.57,"Clear","Low","Morning","Bike",21,0,56,0.135178571428571,"on time"
571,10.52,"Rainy","Medium","Afternoon","Scooter",8,4,56,0.187857142857143,"on time"
880,4.83,"Rainy","Low","Morning","Car",25,9,47,0.102765957446809,"on time"
262,19.81,"Snowy","Medium","Afternoon","Car",20,5,104,0.190480769230769,"late"
579,10.1,"Rainy","Low","Evening","Car",8,4,50,0.202,"on time"
24,7.64,"Windy","Low","Afternoon","Car",10,8,31,0.246451612903226,"on time"
31,12.35,"Clear","Low","Morning","Scooter",10,6,35,0.352857142857143,"on time"
618,5.9,"Rainy","Low","Evening","Car",26,9,44,0.134090909090909,"on time"
11,0.9,"Clear","Low","Afternoon","Bike",20,8,23,0.0391304347826087,"on time"
222,11.58,"Clear","Medium","Morning","Scooter",16,2,61,0.189836065573771,"late"
821,16.16,"Clear","High","Afternoon","Bike",11,1,82,0.197073170731707,"late"
297,15.51,"Clear","Low","Evening","Bike",17,9,69,0.224782608695652,"late"
55,12.16,"Windy","High","Evening","Scooter",11,0,69,0.176231884057971,"late"
543,4.96,"Rainy","High","Morning","Bike",21,0,60,0.0826666666666667,"late"
210,3.64,"Windy","High","Evening","Bike",17,6,40,0.091,"on time"
605,2.85,"Clear","Low","Morning","Scooter",26,0,38,0.075,"on time"
693,10.4,"Clear","Low","Evening","Bike",16,4,52,0.2,"on time"
663,12.31,"Windy","Low","Morning","Bike",29,4,68,0.181029411764706,"late"
867,3.53,"Clear","Medium","Afternoon","Bike",13,7,31,0.113870967741935,"on time"
71,15.56,"Clear","Medium","Evening","Bike",14,3,54,0.288148148148148,"on time"
544,13.6,"Clear","Medium","Afternoon","Bike",27,0,87,0.15632183908046,"late"
108,15.23,"Snowy","High","Morning","Bike",5,0,62,0.245645161290323,"late"
494,4.17,"Unknown","Low","Evening","Scooter",5,1,22,0.189545454545455,"on time"
591,3.21,"Rainy","High","Night","Scooter",16,0,42,0.0764285714285714,"on time"
742,6.38,"Snowy","Low","Evening","Bike",16,1,111,0.0574774774774775,"late"
293,16.54,"Rainy","Low","Afternoon","Scooter",6,7,51,0.324313725490196,"on time"
290,12.02,"Clear","Low","Morning","Car",9,7,41,0.293170731707317,"on time"
653,11.94,"Clear","Low","Evening","Bike",20,3,69,0.17304347826087,"late"
40,9.08,"Clear","Low","Afternoon","Scooter",14,5,49,0.18530612244898,"on time"
590,3.46,"Snowy","Medium","Morning","Scooter",23,3,48,0.0720833333333333,"on time"
308,6.8,"Foggy","Medium","Morning","Scooter",13,7,46,0.147826086956522,"on time"
680,17.38,"Rainy","Medium","Afternoon","Scooter",11,2,92,0.188913043478261,"late"
67,3.25,"Clear","Low","Morning","Bike",23,7,32,0.1015625,"on time"
276,10.28,"Clear","Medium","Evening","Scooter",29,3,71,0.144788732394366,"late"
68,16.14,"Clear","Low","Night","Car",6,9,65,0.248307692307692,"late"
319,3.55,"Clear","Medium","Evening","Bike",23,0,43,0.0825581395348837,"on time"
549,10.65,"Clear","Unknown","Afternoon","Scooter",23,8,58,0.183620689655172,"late"
999,19.03,"Clear","Low","Afternoon","Car",26,5,68,0.279852941176471,"late"
715,7.3,"Clear","Low","Night","Scooter",14,7,28,0.260714285714286,"on time"
754,7.03,"Clear","Low","Evening","Scooter",21,1,44,0.159772727272727,"on time"
328,12.43,"Snowy","Low","Afternoon","Car",12,0,70,0.177571428571429,"late"
383,12.76,"Windy","High","Morning","Scooter",27,4.57938144329897,74,0.172432432432432,"late"
452,11.39,"Rainy","High","Evening","Scooter",14,1,72,0.158194444444444,"late"
523,19.41,"Clear","Low","Morning","Car",7,3,48,0.404375,"on time"
219,13.17,"Rainy","High","Evening","Scooter",17,8,69,0.190869565217391,"late"
788,8.32,"Rainy","Low","Afternoon","Car",12,2,49,0.169795918367347,"on time"
437,1.92,"Clear","Low","Unknown","Bike",8,7,14,0.137142857142857,"on time"
765,1.15,"Clear","Low","Afternoon","Scooter",26,4,30,0.0383333333333333,"on time"
89,17.8,"Windy","High","Afternoon","Car",12,9,73,0.243835616438356,"late"
64,7.46,"Clear","Medium","Evening","Bike",8,5,42,0.177619047619048,"on time"
827,7.25,"Clear","Medium","Afternoon","Scooter",18,4,45,0.161111111111111,"on time"
717,16.7,"Clear","Medium","Afternoon","Scooter",28,1,76,0.219736842105263,"late"
352,17.2,"Rainy","High","Afternoon","Scooter",14,2,94,0.182978723404255,"late"
937,0.86,"Clear","Medium","Afternoon","Car",21,7,28,0.0307142857142857,"on time"
257,18.76,"Clear","Medium","Evening","Car",15,2,80,0.2345,"late"
636,9.22,"Clear","Medium","Afternoon","Car",18,9,57,0.161754385964912,"late"
645,2.84,"Clear","Low","Evening","Scooter",24,2,35,0.0811428571428571,"on time"
555,17.59,"Clear","Low","Morning","Bike",24,6,69,0.254927536231884,"late"
960,14.89,"Snowy","High","Morning","Scooter",17,6,87,0.171149425287356,"late"
169,1.3,"Clear","Medium","Evening","Bike",22,4,31,0.0419354838709677,"on time"
918,18.99,"Rainy","High","Afternoon","Bike",10,6,70,0.271285714285714,"late"
529,1.6,"Foggy","Low","Night","Scooter",24,4.57938144329897,37,0.0432432432432432,"on time"
824,8.26,"Snowy","Low","Afternoon","Bike",15,1,57,0.144912280701754,"late"
986,10.16,"Clear","High","Night","Bike",12,5,52,0.195384615384615,"on time"
817,12.03,"Clear","Medium","Unknown","Car",20,5,65,0.185076923076923,"late"
87,14.73,"Rainy","Low","Afternoon","Bike",24,6,74,0.199054054054054,"late"
433,12.56,"Clear","High","Evening","Bike",17,5,69,0.182028985507246,"late"
185,5.53,"Clear","Medium","Afternoon","Bike",19,1,44,0.125681818181818,"on time"
979,10.18,"Foggy","Medium","Morning","Bike",25,3,73,0.139452054794521,"late"
535,15.5,"Clear","Medium","Morning","Scooter",28,9,91,0.17032967032967,"late"
295,2.98,"Foggy","Unknown","Night","Bike",11,2,27,0.11037037037037,"on time"
893,16.69,"Foggy","Medium","Evening","Scooter",8,2,65,0.256769230769231,"late"
426,11.22,"Windy","High","Evening","Bike",25,5,79,0.142025316455696,"late"
714,8.53,"Clear","Low","Evening","Scooter",8,2,41,0.208048780487805,"on time"
261,12.49,"Clear","Medium","Morning","Bike",25,4,77,0.162207792207792,"late"
238,0.97,"Clear","Low","Night","Scooter",24,8,26,0.0373076923076923,"on time"
560,12.6,"Windy","Medium","Afternoon","Car",8,6,58,0.217241379310345,"late"
584,6.91,"Clear","Medium","Evening","Scooter",28,9,56,0.123392857142857,"on time"
868,4.05,"Clear","Medium","Evening","Bike",20,4.57938144329897,44,0.0920454545454545,"on time"
801,14.29,"Windy","Medium","Morning","Bike",14,7,78,0.183205128205128,"late"
600,1.3,"Foggy","Low","Evening","Bike",19,5,29,0.0448275862068966,"on time"
850,12.11,"Rainy","Low","Morning","Bike",9,5,59,0.205254237288136,"late"
266,14.94,"Clear","Medium","Morning","Bike",11,0,62,0.240967741935484,"late"
996,2.29,"Rainy","High","Afternoon","Car",8,8,80,0.028625,"late"
530,17.36,"Rainy","High","Afternoon","Bike",24,1,105,0.165333333333333,"late"
56,18.48,"Clear","Medium","Night","Bike",8,0,82,0.225365853658537,"late"
121,16.25,"Foggy","High","Morning","Bike",10,5,91,0.178571428571429,"late"
216,5.13,"Clear","Low","Morning","Car",15,4,30,0.171,"on time"
26,15.81,"Clear","Low","Unknown","Car",25,1,92,0.171847826086957,"late"
73,0.61,"Clear","Low","Afternoon","Scooter",10,0,16,0.038125,"on time"
45,5.55,"Foggy","High","Evening","Bike",18,1,116,0.0478448275862069,"late"
248,19.35,"Clear","High","Unknown","Bike",12,7,75,0.258,"late"
722,4.03,"Clear","Medium","Evening","Bike",9,5,25,0.1612,"on time"
282,7.09,"Snowy","Low","Morning","Scooter",13,8,37,0.191621621621622,"on time"
894,8.25,"Clear","Medium","Afternoon","Bike",7,9,28,0.294642857142857,"on time"
915,11.26,"Clear","Low","Night","Bike",5,6,49,0.229795918367347,"on time"
811,19.7,"Rainy","Low","Evening","Bike",10,2,60,0.328333333333333,"late"
245,0.8,"Snowy","High","Evening","Bike",14,9,36,0.0222222222222222,"on time"
823,7,"Rainy","Medium","Evening","Bike",17,9,49,0.142857142857143,"on time"
322,14.43,"Clear","Medium","Morning","Car",14,4,113,0.127699115044248,"late"
644,6.89,"Rainy","Medium","Afternoon","Bike",11,6,43,0.160232558139535,"on time"
159,5.13,"Foggy","Medium","Evening","Car",25,1,60,0.0855,"late"
978,1.5,"Clear","Low","Afternoon","Bike",10,1,17,0.0882352941176471,"on time"
430,2.78,"Unknown","High","Afternoon","Scooter",9,0,41,0.0678048780487805,"on time"
942,11.31,"Clear","Medium","Evening","Bike",7,0,54,0.209444444444444,"on time"
463,15.05,"Clear","Medium","Evening","Car",12,2,66,0.228030303030303,"late"
310,5.78,"Foggy","Low","Afternoon","Scooter",9,9,33,0.175151515151515,"on time"
698,11.83,"Clear","Low","Evening","Scooter",9,7,32,0.3696875,"on time"
61,8.08,"Foggy","Low","Morning","Bike",25,2,61,0.132459016393443,"late"
885,16.1,"Clear","Low","Evening","Bike",25,0,64,0.2515625,"late"
596,9.74,"Rainy","Medium","Evening","Scooter",7,8,37,0.263243243243243,"on time"
768,17.6,"Clear","Low","Afternoon","Bike",27,3,69,0.255072463768116,"late"
650,10.22,"Snowy","Medium","Night","Bike",18,1,68,0.150294117647059,"late"
651,2.19,"Clear","Low","Evening","Bike",26,3,32,0.0684375,"on time"
866,11.41,"Windy","Medium","Afternoon","Scooter",17,4,68,0.167794117647059,"late"
669,4.14,"Clear","Medium","Morning","Scooter",14,2,30,0.138,"on time"
299,12.65,"Rainy","Low","Afternoon","Bike",18,8,60,0.210833333333333,"late"
690,4.15,"Unknown","Medium","Morning","Car",17,8,46,0.0902173913043478,"on time"
315,16.8,"Unknown","High","Morning","Car",19,4,85,0.197647058823529,"late"
311,9.06,"Clear","Medium","Evening","Bike",23,4,47,0.192765957446809,"on time"
362,13.04,"Clear","Medium","Morning","Scooter",20,6,65,0.200615384615385,"late"
480,10.7,"Clear","Medium","Afternoon","Scooter",8,5,44,0.243181818181818,"on time"
111,6.15,"Foggy","Low","Evening","Scooter",26,5,48,0.128125,"on time"
990,16.47,"Snowy","High","Evening","Scooter",20,9,75,0.2196,"late"
487,1.39,"Clear","Medium","Afternoon","Bike",15,4,24,0.0579166666666667,"on time"
364,11.14,"Rainy","Medium","Morning","Scooter",7,3,47,0.237021276595745,"on time"
255,3.81,"Rainy","High","Afternoon","Bike",5,6,31,0.122903225806452,"on time"
260,2.39,"Rainy","Medium","Evening","Bike",27,7,43,0.0555813953488372,"on time"
803,11.74,"Clear","High","Evening","Car",6,3,54,0.217407407407407,"on time"
678,8.26,"Clear","Low","Unknown","Car",21,4,80,0.10325,"late"
495,9.54,"Rainy","Medium","Evening","Scooter",11,5,47,0.202978723404255,"on time"
671,3.88,"Clear","Medium","Morning","Bike",16,2,35,0.110857142857143,"on time"
378,0.95,"Rainy","Medium","Morning","Car",27,0,44,0.0215909090909091,"on time"
527,8.59,"Clear","Low","Night","Scooter",17,8,36,0.238611111111111,"on time"
846,8.59,"Clear","Low","Evening","Bike",22,2,43,0.199767441860465,"on time"
138,14.21,"Clear","Medium","Evening","Bike",24,4.57938144329897,58,0.245,"late"
356,13.03,"Foggy","Low","Morning","Scooter",9,1,50,0.2606,"on time"
366,8.03,"Clear","Low","Evening","Scooter",14,8,42,0.191190476190476,"on time"
943,13.2,"Snowy","Low","Morning","Car",14,3,62,0.212903225806452,"late"
750,12.67,"Clear","Medium","Evening","Car",10,3,65,0.194923076923077,"late"
949,17.54,"Clear","Unknown","Morning","Car",16,8,54,0.324814814814815,"on time"
830,9.32,"Clear","Low","Morning","Scooter",6,5,30,0.310666666666667,"on time"
657,6.03,"Rainy","High","Afternoon","Car",8,6,46,0.131086956521739,"on time"
200,15.71,"Clear","Low","Afternoon","Scooter",28,5,69,0.22768115942029,"late"
214,4.87,"Snowy","High","Evening","Bike",16,7,54,0.0901851851851852,"on time"
409,18.15,"Rainy","High","Morning","Bike",22,7,108,0.168055555555556,"late"
333,0.78,"Clear","Medium","Morning","Bike",6,1,17,0.0458823529411765,"on time"
209,0.6,"Clear","Low","Afternoon","Bike",26,3,30,0.02,"on time"
614,2.09,"Clear","Medium","Evening","Bike",5,5,16,0.130625,"on time"
79,7.49,"Clear","Unknown","Morning","Scooter",13,9,45,0.166444444444444,"on time"
30,1.41,"Foggy","Medium","Evening","Bike",15,0,72,0.0195833333333333,"late"
536,18.92,"Clear","High","Morning","Scooter",27,4,100,0.1892,"late"
696,12.41,"Clear","Medium","Morning","Car",10,1,51,0.243333333333333,"on time"
558,1.06,"Unknown","Low","Afternoon","Scooter",19,6,21,0.0504761904761905,"on time"
837,18.34,"Clear","High","Night","Bike",9,4,92,0.199347826086957,"late"
597,13.52,"Clear","Low","Morning","Scooter",27,1,82,0.164878048780488,"late"
166,16.79,"Foggy","High","Afternoon","Bike",24,6,85,0.197529411764706,"late"
919,15.39,"Clear","Medium","Evening","Scooter",24,5,89,0.172921348314607,"late"
496,7.39,"Rainy","Medium","Morning","Scooter",25,6,60,0.123166666666667,"late"
825,10.98,"Rainy","Low","Morning","Scooter",10,6,55,0.199636363636364,"on time"
66,11.08,"Snowy","Medium","Morning","Bike",9,0,57,0.194385964912281,"late"
142,5.41,"Clear","Medium","Night","Bike",14,5,36,0.150277777777778,"on time"
926,0.94,"Clear","High","Morning","Bike",9,6,21,0.0447619047619048,"on time"
828,7.27,"Windy","Low","Afternoon","Bike",10,5,35,0.207714285714286,"on time"
656,2.99,"Windy","Medium","Morning","Bike",27,5,41,0.0729268292682927,"on time"
332,15.28,"Snowy","Low","Evening","Bike",16,5,72,0.212222222222222,"late"
665,2.48,"Windy","Medium","Afternoon","Car",14,6,27,0.0918518518518519,"on time"
250,17.13,"Rainy","Low","Evening","Car",19,1,71,0.241267605633803,"late"
908,7.17,"Clear","Low","Afternoon","Bike",15,7,32,0.2240625,"on time"
709,5.47,"Rainy","Low","Morning","Car",21,6,38,0.143947368421053,"on time"
306,19.53,"Foggy","Low","Afternoon","Bike",11,6,87,0.22448275862069,"late"
735,7.5,"Clear","High","Morning","Bike",29,1,66,0.113636363636364,"late"
976,5.61,"Windy","Low","Night","Bike",25,9,48,0.116875,"on time"
50,4.1,"Clear","Low","Morning","Bike",21,3,37,0.110810810810811,"on time"
897,6.22,"Rainy","Medium","Morning","Bike",15,0,49,0.126938775510204,"on time"
3,14.77,"Unknown","High","Morning","Scooter",11,6,67,0.22044776119403,"late"
545,12.55,"Windy","Low","Evening","Bike",13,8,51,0.246078431372549,"on time"
351,10.31,"Foggy","Medium","Morning","Scooter",19,5,62,0.166290322580645,"late"
905,8.72,"Snowy","Medium","Evening","Car",18,7,64,0.13625,"late"
537,17.07,"Clear","Medium","Morning","Bike",20,6,73,0.233835616438356,"late"
345,8.27,"Unknown","High","Afternoon","Scooter",13,5,58,0.142586206896552,"late"
995,7.54,"Snowy","Low","Afternoon","Bike",20,4.57938144329897,55,0.137090909090909,"on time"
482,14.07,"Clear","High","Afternoon","Bike",5,8,67,0.21,"late"
576,19.02,"Clear","Medium","Afternoon","Bike",29,9,87,0.218620689655172,"late"
34,19,"Clear","High","Morning","Car",28,3,96,0.197916666666667,"late"
32,3.83,"Rainy","Medium","Afternoon","Bike",12,9,30,0.127666666666667,"on time"
232,10.3,"Clear","Low","Evening","Scooter",19,8,48,0.214583333333333,"on time"
964,8.09,"Clear","High","Afternoon","Scooter",15,4,51,0.158627450980392,"on time"
193,18.06,"Clear","Medium","Night","Bike",9,8,52,0.347307692307692,"on time"
334,2.76,"Windy","Medium","Morning","Scooter",8,5,22,0.125454545454545,"on time"
4,12.17,"Snowy","Low","Evening","Bike",20,8,68,0.178970588235294,"late"
205,12.33,"Clear","Medium","Evening","Bike",22,9,75,0.1644,"late"
515,1.38,"Clear","Medium","Evening","Scooter",5,8,13,0.106153846153846,"on time"
800,18.49,"Clear","Low","Afternoon","Scooter",14,6,71,0.260422535211268,"late"
307,10.57,"Snowy","Low","Afternoon","Bike",28,9,59,0.179152542372881,"late"
110,2,"Clear","High","Evening","Scooter",10,2,30,0.0666666666666667,"on time"
431,3.29,"Clear","Medium","Afternoon","Scooter",17,4,32,0.1028125,"on time"
78,1.94,"Rainy","Medium","Morning","Bike",16,0,35,0.0554285714285714,"on time"
85,6.56,"Windy","Medium","Unknown","Bike",14,1,47,0.139574468085106,"on time"
287,9.58,"Clear","High","Afternoon","Car",26,8,60,0.159666666666667,"late"
83,6.95,"Clear","Medium","Morning","Scooter",25,2,58,0.119827586206897,"late"
992,14.05,"Clear","High","Morning","Scooter",19,0,72,0.195138888888889,"late"
790,18.97,"Rainy","High","Night","Bike",20,8,108,0.175648148148148,"late"
895,13.53,"Rainy","Low","Evening","Bike",28,8,78,0.173461538461538,"late"
399,15.14,"Rainy","Medium","Morning","Bike",8,6,66,0.229393939393939,"late"
324,5.96,"Clear","Low","Afternoon","Bike",26,6,48,0.124166666666667,"on time"
520,3.43,"Windy","Medium","Morning","Bike",7,6,23,0.149130434782609,"on time"
917,6.24,"Unknown","Medium","Evening","Bike",15,3,52,0.12,"on time"
923,17.94,"Rainy","High","Evening","Scooter",22,6,85,0.211058823529412,"late"
6,3.54,"Rainy","Medium","Evening","Bike",10,5,32,0.110625,"on time"
732,16.38,"Rainy","Medium","Night","Bike",7,4.57938144329897,90,0.182,"late"
466,7.81,"Clear","Low","Evening","Bike",11,4,42,0.185952380952381,"on time"
98,8.84,"Clear","Unknown","Morning","Bike",26,0,57,0.155087719298246,"late"
267,14.09,"Clear","Medium","Afternoon","Scooter",12,3,55,0.256181818181818,"on time"
358,11.92,"Clear","Low","Afternoon","Scooter",14,4,46,0.259130434782609,"on time"
869,17.3,"Clear","Low","Evening","Scooter",9,0,67,0.258208955223881,"late"
799,14.08,"Clear","High","Morning","Bike",28,6,66,0.213333333333333,"late"
381,2.8,"Clear","High","Afternoon","Bike",28,1,50,0.056,"on time"
632,17.96,"Clear","Medium","Unknown","Bike",22,2,76,0.236315789473684,"late"
382,14.09,"Clear","High","Afternoon","Bike",12,6,67,0.210298507462687,"late"
491,9.39,"Clear","Low","Morning","Bike",14,2,37,0.253783783783784,"on time"
119,17.9,"Clear","Low","Morning","Bike",23,4.57938144329897,85,0.210588235294118,"late"
901,4.55,"Rainy","Low","Afternoon","Bike",5,6,21,0.216666666666667,"on time"
251,6.24,"Snowy","Low","Afternoon","Bike",20,4,51,0.122352941176471,"on time"
524,16.92,"Clear","Low","Morning","Scooter",29,0,70,0.241714285714286,"late"
10,14.31,"Clear","Medium","Morning","Bike",9,8,47,0.304468085106383,"on time"
197,14.66,"Windy","Medium","Unknown","Bike",20,2,77,0.19038961038961,"late"
604,2.23,"Clear","Low","Morning","Bike",7,6,14,0.159285714285714,"on time"
82,12.65,"Clear","Low","Evening","Bike",15,4,66,0.191666666666667,"late"
784,7.24,"Rainy","Medium","Evening","Bike",28,6,65,0.111384615384615,"late"
588,3.01,"Clear","Medium","Evening","Bike",14,4,26,0.115769230769231,"on time"
798,11.52,"Unknown","Medium","Morning","Scooter",25,2,58,0.198620689655172,"late"
240,3.95,"Clear","Low","Afternoon","Bike",13,5,25,0.158,"on time"
291,1.09,"Clear","Medium","Morning","Scooter",6,2,17,0.0641176470588235,"on time"
212,13.99,"Clear","High","Evening","Scooter",7,3,96,0.145729166666667,"late"
718,19.32,"Rainy","High","Morning","Car",21,7,112,0.1725,"late"
360,11.72,"Rainy","Low","Evening","Bike",11,9,42,0.279047619047619,"on time"
450,2.13,"Rainy","Low","Morning","Scooter",9,2,22,0.0968181818181818,"on time"
228,8.17,"Clear","Medium","Afternoon","Scooter",20,9,44,0.185681818181818,"on time"
951,12.21,"Clear","High","Morning","Bike",9,4,57,0.214210526315789,"late"
947,3.17,"Clear","Medium","Evening","Scooter",17,6,33,0.0960606060606061,"on time"
797,18.68,"Snowy","Low","Afternoon","Bike",11,8,62,0.301290322580645,"late"
502,10.95,"Clear","Medium","Evening","Scooter",24,4,55,0.199090909090909,"on time"
465,19.26,"Windy","Medium","Morning","Scooter",21,6,67,0.287462686567164,"late"
363,9.44,"Rainy","Unknown","Evening","Scooter",28,8,63,0.14984126984127,"late"
469,4.86,"Foggy","Medium","Evening","Car",25,4,52,0.0934615384615385,"on time"
936,5.81,"Foggy","Low","Afternoon","Bike",25,8,51,0.113921568627451,"on time"
429,7.34,"Rainy","Low","Evening","Bike",22,8,47,0.156170212765957,"on time"
8,17.39,"Foggy","Medium","Morning","Bike",25,4,100,0.1739,"late"
156,5.22,"Snowy","Low","Evening","Bike",11,9,40,0.1305,"on time"
542,12.32,"Clear","Medium","Evening","Scooter",17,4,71,0.173521126760563,"late"
441,2.15,"Windy","Medium","Afternoon","Car",17,6,30,0.0716666666666667,"on time"
483,9.36,"Rainy","High","Morning","Scooter",17,2,65,0.144,"late"
423,2.28,"Clear","Medium","Evening","Scooter",27,9,39,0.0584615384615385,"on time"
779,14.54,"Clear","Medium","Evening","Bike",29,2,73,0.199178082191781,"late"
950,12.15,"Clear","High","Morning","Car",12,6,63,0.192857142857143,"late"
335,1.4,"Windy","Low","Evening","Bike",9,9,17,0.0823529411764706,"on time"
577,3.37,"Clear","High","Morning","Bike",9,4.57938144329897,28,0.120357142857143,"on time"
935,3.85,"Rainy","Medium","Afternoon","Bike",26,3,46,0.083695652173913,"on time"
568,9.03,"Clear","Low","Unknown","Bike",11,5,43,0.21,"on time"
595,17.99,"Snowy","Low","Afternoon","Bike",15,3,63,0.285555555555556,"late"
531,16.35,"Clear","Medium","Morning","Bike",16,0,66,0.247727272727273,"late"
582,19.61,"Clear","High","Evening","Bike",8,6,72,0.272361111111111,"late"
708,16.29,"Clear","Low","Morning","Bike",20,1,72,0.22625,"late"
449,7.84,"Windy","Low","Afternoon","Bike",6,4,28,0.28,"on time"
454,18.17,"Rainy","Low","Afternoon","Car",13,0,71,0.255915492957747,"late"
229,17.89,"Windy","Low","Unknown","Bike",27,1,101,0.177128712871287,"late"
353,13.34,"Clear","Medium","Night","Bike",20,6,53,0.251698113207547,"on time"
729,4.43,"Foggy","Low","Morning","Scooter",10,1,63,0.0703174603174603,"late"
213,13.21,"Clear","Unknown","Morning","Scooter",12,4,63,0.20968253968254,"late"
80,2.76,"Windy","Medium","Night","Bike",6,2,27,0.102222222222222,"on time"
149,1.5,"Foggy","Medium","Evening","Scooter",15,4,32,0.046875,"on time"
303,11.04,"Clear","Medium","Afternoon","Scooter",8,2,54,0.204444444444444,"on time"
629,1.22,"Clear","Medium","Evening","Scooter",6,4.57938144329897,14,0.0871428571428571,"on time"
778,14.58,"Clear","Low","Afternoon","Bike",13,4.57938144329897,57,0.255789473684211,"late"
507,18.26,"Rainy","High","Night","Scooter",28,7,93,0.196344086021505,"late"
343,3.88,"Foggy","Low","Evening","Car",27,9,42,0.0923809523809524,"on time"
486,18.07,"Clear","High","Afternoon","Scooter",5,2,67,0.269701492537313,"late"
712,12.11,"Clear","Medium","Evening","Bike",28,0,75,0.161466666666667,"late"
134,7.08,"Clear","Medium","Afternoon","Scooter",5,8,27,0.262222222222222,"on time"
704,3.12,"Rainy","Low","Evening","Scooter",14,5,28,0.111428571428571,"on time"
312,2.03,"Foggy","High","Evening","Car",14,4,36,0.0563888888888889,"on time"
723,1.8,"Clear","Unknown","Night","Bike",14,1,28,0.0642857142857143,"on time"
630,5.42,"Clear","Low","Evening","Scooter",11,9,26,0.208461538461538,"on time"
1,7.8,"Clear","Low","Evening","Scooter",23,5,52,0.15,"on time"
317,8.47,"Rainy","Low","Afternoon","Scooter",19,0,48,0.176458333333333,"on time"
707,6.79,"Rainy","Low","Evening","Scooter",16,1,39,0.174102564102564,"on time"
548,13.6,"Rainy","Medium","Afternoon","Scooter",23,6,83,0.163855421686747,"late"
873,13.06,"Rainy","High","Morning","Bike",17,8,59,0.22135593220339,"late"
533,19.93,"Snowy","Low","Afternoon","Bike",6,6,59,0.337796610169492,"late"
478,11.3,"Snowy","Medium","Afternoon","Bike",15,8,70,0.161428571428571,"late"
405,6.74,"Rainy","Medium","Evening","Car",21,9,47,0.143404255319149,"on time"
173,10.49,"Rainy","Low","Morning","Bike",28,9,66,0.158939393939394,"late"
126,8.83,"Unknown","Medium","Evening","Scooter",12,3,109,0.0810091743119266,"late"
395,7.15,"Clear","High","Night","Car",29,7,60,0.119166666666667,"late"
421,15.94,"Clear","Low","Evening","Bike",24,2,77,0.207012987012987,"late"
553,11.26,"Foggy","High","Afternoon","Bike",14,2,70,0.160857142857143,"late"
904,11.87,"Clear","Medium","Morning","Bike",10,6,43,0.276046511627907,"on time"
91,2.83,"Windy","Medium","Afternoon","Scooter",14,6,28,0.101071428571429,"on time"
940,11.74,"Clear","Low","Afternoon","Car",20,1,52,0.225769230769231,"on time"
182,2.71,"Clear","Low","Morning","Scooter",6,1,20,0.1355,"on time"
275,10.47,"Clear","High","Evening","Scooter",14,7,55,0.190363636363636,"on time"
896,4.5,"Snowy","High","Evening","Bike",24,0,66,0.0681818181818182,"late"
70,19.74,"Unknown","Low","Unknown","Car",21,7,71,0.278028169014085,"late"
292,1.23,"Clear","Low","Evening","Bike",18,6,21,0.0585714285714286,"on time"
132,4.83,"Clear","Low","Evening","Bike",11,1,29,0.166551724137931,"on time"
301,1.51,"Clear","High","Afternoon","Bike",14,2,32,0.0471875,"on time"
425,1.62,"Windy","Low","Evening","Bike",9,8,16,0.10125,"on time"
327,11.31,"Clear","High","Evening","Bike",20,0,67,0.168805970149254,"late"
145,6.05,"Clear","Medium","Morning","Car",24,0,48,0.126041666666667,"on time"
424,10.14,"Clear","Medium","Morning","Scooter",20,1,59,0.171864406779661,"late"
581,9.45,"Clear","Low","Afternoon","Car",13,0,49,0.192857142857143,"on time"
136,6.8,"Clear","High","Evening","Bike",28,5,55,0.123636363636364,"on time"
451,15.65,"Clear","Low","Afternoon","Bike",27,0,76,0.205921052631579,"late"
165,2.26,"Clear","Medium","Morning","Scooter",6,3,19,0.118947368421053,"on time"
29,12.05,"Clear","Low","Evening","Scooter",29,4,61,0.197540983606557,"late"
774,8.25,"Windy","Medium","Evening","Car",24,4,62,0.133064516129032,"late"
194,12.85,"Rainy","Medium","Afternoon","Scooter",23,0,80,0.160625,"late"
389,15.14,"Windy","Medium","Morning","Bike",15,4,71,0.213239436619718,"late"
853,4.59,"Foggy","Low","Evening","Scooter",19,8,36,0.1275,"on time"
170,12.02,"Clear","Low","Afternoon","Bike",26,0,63,0.190793650793651,"late"
706,19.8,"Clear","High","Evening","Bike",7,3,88,0.225,"late"
141,19.27,"Foggy","High","Afternoon","Bike",14,6,92,0.20945652173913,"late"
174,4.92,"Clear","High","Morning","Scooter",12,0,41,0.12,"on time"
7,1.63,"Rainy","Medium","Night","Bike",24,5,38,0.0428947368421053,"on time"
746,18.04,"Clear","Medium","Morning","Bike",8,5,71,0.254084507042253,"late"
479,19.4,"Snowy","Unknown","Afternoon","Scooter",23,9,92,0.210869565217391,"late"
74,16.4,"Clear","High","Morning","Scooter",12,2,70,0.234285714285714,"late"
911,12.01,"Clear","Low","Morning","Car",5,7,42,0.285952380952381,"on time"
239,13.09,"Windy","Low","Unknown","Scooter",17,1,69,0.189710144927536,"late"
146,1.22,"Foggy","High","Afternoon","Scooter",14,2,38,0.0321052631578947,"on time"
793,10.36,"Rainy","Medium","Afternoon","Bike",7,8,39,0.265641025641026,"on time"
235,4.31,"Rainy","Medium","Afternoon","Bike",9,2,35,0.123142857142857,"on time"
221,13.32,"Windy","Medium","Afternoon","Bike",26,0,71,0.187605633802817,"late"
924,16.1,"Clear","Low","Morning","Car",16,6,61,0.263934426229508,"late"
501,14.11,"Rainy","High","Morning","Scooter",24,3,93,0.151720430107527,"late"
133,2.84,"Clear","Medium","Night","Scooter",28,1,44,0.0645454545454545,"on time"
991,16.09,"Snowy","Low","Morning","Car",13,6,69,0.233188405797101,"late"
775,16.05,"Snowy","Medium","Evening","Bike",11,2,89,0.180337078651685,"late"
186,13.37,"Windy","High","Afternoon","Scooter",17,8,63,0.212222222222222,"late"
42,10.16,"Snowy","Medium","Night","Bike",10,1,67,0.151641791044776,"late"
697,6.13,"Clear","Medium","Night","Scooter",22,0,48,0.127708333333333,"on time"
109,4.96,"Rainy","Low","Afternoon","Car",10,7,28,0.177142857142857,"on time"
589,3,"Clear","Low","Morning","Scooter",29,1,43,0.0697674418604651,"on time"
57,2.23,"Snowy","Medium","Evening","Car",14,0,41,0.054390243902439,"on time"
406,17.96,"Clear","Unknown","Evening","Scooter",26,0,74,0.242702702702703,"late"
443,7.8,"Rainy","Medium","Morning","Bike",11,7,49,0.159183673469388,"on time"
758,10.9,"Clear","High","Afternoon","Scooter",6,8,47,0.231914893617021,"on time"
998,3.17,"Clear","Low","Afternoon","Bike",17,1,28,0.113214285714286,"on time"
25,9.39,"Windy","Medium","Morning","Scooter",21,9,50,0.1878,"on time"
468,17.44,"Clear","Low","Evening","Bike",25,9,89,0.195955056179775,"late"
540,3.02,"Rainy","Medium","Morning","Bike",23,1,46,0.0656521739130435,"on time"
532,19.99,"Rainy","High","Evening","Bike",17,1,112,0.178482142857143,"late"
619,16.22,"Rainy","High","Evening","Bike",22,0,102,0.159019607843137,"late"
695,2.74,"Clear","High","Afternoon","Bike",18,9,37,0.0740540540540541,"on time"
927,5.74,"Rainy","High","Evening","Bike",13,9,46,0.124782608695652,"on time"
339,9.75,"Clear","Low","Afternoon","Bike",22,7,50,0.195,"on time"
52,15.62,"Rainy","Medium","Afternoon","Scooter",23,7,78,0.20025641025641,"late"
508,16.54,"Rainy","Medium","Afternoon","Bike",25,7,77,0.214805194805195,"late"
517,7.84,"Rainy","Low","Morning","Scooter",7,8,36,0.217777777777778,"on time"
921,17.44,"Unknown","Low","Night","Car",23,0,85,0.205176470588235,"late"
782,11.08,"Windy","High","Afternoon","Bike",16,6,70,0.158285714285714,"late"
265,17.61,"Clear","Medium","Evening","Scooter",21,9,79,0.222911392405063,"late"
818,8.28,"Snowy","Low","Evening","Car",29,7,58,0.142758620689655,"late"
711,15.32,"Clear","Medium","Morning","Bike",17,6,80,0.1915,"late"
683,3.83,"Rainy","Low","Evening","Car",27,3,49,0.0781632653061225,"on time"
833,3.25,"Rainy","Unknown","Evening","Scooter",29,0,51,0.0637254901960784,"on time"
519,19.75,"Clear","Medium","Morning","Bike",25,1,103,0.191747572815534,"late"
448,15.19,"Foggy","Low","Evening","Scooter",6,4,53,0.286603773584906,"on time"
19,8.92,"Windy","Unknown","Morning","Bike",25,4,62,0.143870967741935,"late"
716,18.63,"Windy","Low","Afternoon","Bike",11,5,85,0.219176470588235,"late"
484,12.74,"Clear","Low","Night","Scooter",18,0,67,0.190149253731343,"late"
569,18.13,"Rainy","High","Evening","Bike",21,2,88,0.206022727272727,"late"
434,2.47,"Rainy","Low","Afternoon","Car",22,6,34,0.0726470588235294,"on time"
368,18.15,"Windy","Medium","Morning","Bike",11,2,89,0.203932584269663,"late"
84,1.74,"Foggy","High","Afternoon","Scooter",8,9,28,0.0621428571428571,"on time"
62,5.79,"Windy","Medium","Morning","Bike",26,6,49,0.118163265306122,"on time"
639,5.75,"Windy","High","Morning","Scooter",7,4,37,0.155405405405405,"on time"
273,17.41,"Snowy","Medium","Evening","Bike",20,4,80,0.217625,"late"
286,1.2,"Rainy","Low","Morning","Scooter",24,7,33,0.0363636363636364,"on time"
361,8.07,"Windy","Low","Evening","Bike",21,4,48,0.168125,"on time"
355,1.88,"Clear","Medium","Morning","Scooter",24,7,35,0.0537142857142857,"on time"
457,0.72,"Rainy","Medium","Afternoon","Scooter",9,2,23,0.031304347826087,"on time"
279,14.19,"Clear","Medium","Afternoon","Bike",9,1,57,0.248947368421053,"late"
13,16.73,"Windy","High","Afternoon","Scooter",9,7,71,0.235633802816901,"late"
183,18.53,"Rainy","Low","Afternoon","Scooter",8,8,57,0.325087719298246,"late"
369,4.32,"Clear","Low","Morning","Bike",21,9,34,0.127058823529412,"on time"
882,13.6,"Foggy","High","Evening","Bike",9,7,61,0.222950819672131,"late"
616,18.46,"Rainy","Low","Morning","Bike",19,9,94,0.196382978723404,"late"
224,7.67,"Windy","Low","Morning","Car",9,2,31,0.24741935483871,"on time"
573,8.23,"Snowy","Low","Evening","Bike",17,3,56,0.146964285714286,"on time"
971,13.44,"Clear","Low","Night","Bike",29,0,63,0.213333333333333,"late"
654,15.04,"Clear","Low","Morning","Car",24,5,60,0.250666666666667,"late"
546,7.48,"Clear","Medium","Morning","Car",21,4,52,0.143846153846154,"on time"
583,10.11,"Rainy","Unknown","Afternoon","Scooter",23,2,63,0.16047619047619,"late"
634,10.88,"Snowy","Low","Afternoon","Car",13,3,52,0.209230769230769,"on time"
177,13.97,"Snowy","Low","Evening","Scooter",14,8,52,0.268653846153846,"on time"
666,3.48,"Foggy","Low","Afternoon","Scooter",9,1,31,0.112258064516129,"on time"
674,10.73,"Foggy","Low","Morning","Bike",6,6,35,0.306571428571429,"on time"
586,5.18,"Clear","Medium","Afternoon","Car",9,2,30,0.172666666666667,"on time"
874,8.47,"Foggy","Medium","Evening","Bike",24,0,68,0.124558823529412,"late"
164,10.95,"Snowy","Unknown","Afternoon","Bike",9,1,65,0.168461538461538,"late"
249,19.29,"Windy","Medium","Evening","Scooter",7,8,84,0.229642857142857,"late"
635,2.59,"Windy","Medium","Unknown","Bike",13,5,28,0.0925,"on time"
886,3.98,"Clear","High","Night","Car",19,3,41,0.0970731707317073,"on time"
670,6.06,"Foggy","Low","Afternoon","Scooter",10,8,41,0.14780487804878,"on time"
376,6.72,"Foggy","Low","Evening","Bike",8,5,31,0.216774193548387,"on time"
413,19.04,"Clear","Medium","Morning","Scooter",27,2,85,0.224,"late"
75,14.28,"Windy","High","Afternoon","Scooter",23,5,77,0.185454545454545,"late"
114,16.26,"Rainy","High","Morning","Bike",16,6,70,0.232285714285714,"late"
599,4.25,"Clear","Low","Afternoon","Bike",5,4,22,0.193181818181818,"on time"
962,12.26,"Clear","Low","Afternoon","Bike",20,2,66,0.185757575757576,"late"
391,19.81,"Clear","Low","Afternoon","Bike",27,1,74,0.267702702702703,"late"
105,18.2,"Windy","Medium","Morning","Bike",27,1,108,0.168518518518519,"late"
115,12.85,"Rainy","Medium","Morning","Scooter",14,8,73,0.176027397260274,"late"
418,6.91,"Clear","Low","Evening","Bike",27,8,91,0.0759340659340659,"late"
526,9.64,"Clear","Low","Morning","Bike",10,5,46,0.209565217391304,"on time"
458,9.64,"Rainy","Medium","Evening","Bike",14,6,52,0.185384615384615,"on time"
410,2.28,"Foggy","Medium","Morning","Scooter",27,6,44,0.0518181818181818,"on time"
93,15.34,"Rainy","Low","Afternoon","Bike",18,6,54,0.284074074074074,"on time"
931,3.22,"Rainy","Medium","Night","Bike",14,8,34,0.0947058823529412,"on time"
90,9.71,"Clear","Low","Morning","Bike",8,1,49,0.198163265306122,"on time"
337,17.18,"Clear","Medium","Night","Scooter",13,1,62,0.277096774193548,"late"
989,5.3,"Clear","Medium","Afternoon","Scooter",29,3,47,0.112765957446809,"on time"
922,10,"Clear","Medium","Afternoon","Scooter",6,9,47,0.212765957446809,"on time"
934,10.75,"Rainy","Medium","Morning","Bike",8,6,60,0.179166666666667,"late"
606,9.49,"Rainy","Medium","Morning","Car",23,6,53,0.179056603773585,"on time"
594,7.24,"Clear","Medium","Afternoon","Bike",28,7,57,0.127017543859649,"late"
612,16.09,"Rainy","Low","Morning","Bike",21,8,66,0.243787878787879,"late"
95,15.53,"Clear","Low","Morning","Bike",26,6,83,0.18710843373494,"late"
12,19.41,"Windy","Low","Morning","Bike",11,8,62,0.313064516129032,"late"
397,17.24,"Clear","Low","Evening","Bike",17,5,69,0.249855072463768,"late"
534,11.33,"Unknown","Low","Morning","Bike",25,3,60,0.188833333333333,"late"
44,18.23,"Rainy","Low","Afternoon","Scooter",27,9,86,0.211976744186047,"late"
43,1.17,"Clear","Medium","Morning","Bike",16,9,25,0.0468,"on time"
330,5.33,"Clear","Low","Evening","Car",29,1,51,0.104509803921569,"on time"
168,4.14,"Rainy","Low","Morning","Bike",23,2,41,0.100975609756098,"on time"
498,2.02,"Clear","High","Evening","Bike",28,5,44,0.0459090909090909,"on time"
877,14.46,"Rainy","Medium","Morning","Scooter",11,9,68,0.212647058823529,"late"
598,3.86,"Clear","Medium","Afternoon","Bike",21,8,34,0.113529411764706,"on time"
757,12.59,"Windy","Medium","Morning","Bike",13,9,62,0.203064516129032,"late"
101,1.11,"Clear","High","Morning","Scooter",22,8,35,0.0317142857142857,"on time"
427,9.11,"Clear","Low","Afternoon","Bike",19,6,42,0.216904761904762,"on time"
179,18.77,"Snowy","Medium","Evening","Bike",24,0,115,0.163217391304348,"late"
445,16.35,"Foggy","Medium","Night","Bike",16,6,67,0.244029850746269,"late"
417,6.22,"Clear","Low","Afternoon","Bike",16,9,29,0.21448275862069,"on time"
871,7.78,"Foggy","High","Afternoon","Bike",25,3,74,0.105135135135135,"late"
883,0.88,"Rainy","Low","Night","Car",27,2,37,0.0237837837837838,"on time"
681,16.43,"Clear","Low","Evening","Bike",13,5,56,0.293392857142857,"on time"
178,8.04,"Clear","Medium","Evening","Car",27,0,65,0.123692307692308,"late"
396,18.65,"Foggy","Low","Night","Car",19,2,68,0.274264705882353,"late"
912,5.73,"Foggy","Low","Morning","Scooter",7,2,30,0.191,"on time"
794,12.42,"Rainy","Low","Evening","Bike",28,9,79,0.157215189873418,"late"
961,2.11,"Clear","Low","Afternoon","Scooter",28,5,34,0.0620588235294118,"on time"
685,18.62,"Clear","Low","Evening","Scooter",27,6,75,0.248266666666667,"late"
384,17.61,"Clear","Medium","Morning","Scooter",19,3,80,0.220125,"late"
957,10.62,"Rainy","Medium","Night","Bike",7,2,48,0.22125,"on time"
752,18.83,"Unknown","Medium","Night","Bike",8,0,68,0.276911764705882,"late"
258,14.07,"Clear","Medium","Morning","Bike",16,9,73,0.192739726027397,"late"
539,9.29,"Clear","Medium","Evening","Bike",10,9,40,0.23225,"on time"
336,1.29,"Rainy","Low","Evening","Bike",7,7,15,0.086,"on time"
16,4.08,"Windy","Medium","Afternoon","Bike",7,0,33,0.123636363636364,"on time"
325,19.12,"Windy","High","Evening","Car",8,0,92,0.207826086956522,"late"
759,17.93,"Clear","Medium","Afternoon","Bike",29,4,85,0.210941176470588,"late"
223,2.33,"Unknown","Low","Morning","Car",6,1,17,0.137058823529412,"on time"
180,3.18,"Rainy","Medium","Evening","Bike",21,3,42,0.0757142857142857,"on time"
984,1.97,"Clear","High","Morning","Car",28,7,43,0.0458139534883721,"on time"
23,6.2,"Windy","High","Evening","Scooter",7,3,42,0.147619047619048,"on time"
357,1.02,"Windy","High","Evening","Bike",6,8,21,0.0485714285714286,"on time"
667,5.3,"Clear","Low","Evening","Bike",16,5,32,0.165625,"on time"
862,9.34,"Rainy","Low","Evening","Car",10,0,40,0.2335,"on time"
341,10.09,"Clear","Medium","Evening","Bike",7,0,49,0.205918367346939,"on time"
432,15.35,"Rainy","High","Night","Scooter",23,9,80,0.191875,"late"
552,17.12,"Rainy","Low","Morning","Bike",26,3,86,0.19906976744186,"late"
834,3.94,"Snowy","Low","Afternoon","Bike",19,3,43,0.0916279069767442,"on time"
204,18.02,"Clear","Unknown","Evening","Car",12,3,77,0.234025974025974,"late"
631,14.41,"Snowy","Medium","Evening","Bike",8,8,75,0.192133333333333,"late"
94,11.44,"Rainy","Medium","Evening","Car",20,2,57,0.200701754385965,"late"
559,15.23,"Foggy","Low","Morning","Car",6,0,52,0.292884615384615,"on time"
69,1.95,"Clear","Low","Morning","Scooter",16,2,23,0.0847826086956522,"on time"
623,7.72,"Rainy","Medium","Morning","Bike",11,4.57938144329897,36,0.214444444444444,"on time"
285,11.78,"Clear","Low","Afternoon","Scooter",26,3,71,0.165915492957746,"late"
845,3.4,"Windy","Medium","Morning","Bike",11,6,30,0.113333333333333,"on time"
435,2.14,"Clear","High","Evening","Bike",18,3,34,0.0629411764705882,"on time"
154,10.04,"Rainy","High","Afternoon","Bike",12,9,59,0.170169491525424,"late"
76,14.72,"Clear","Unknown","Evening","Scooter",15,8,80,0.184,"late"
731,3.7,"Clear","Medium","Morning","Bike",28,7,45,0.0822222222222222,"on time"
447,19.73,"Rainy","Low","Evening","Bike",8,8,64,0.30828125,"late"
189,10.83,"Clear","Medium","Evening","Scooter",8,9,51,0.212352941176471,"on time"
272,16.3,"Foggy","Low","Morning","Car",12,1,100,0.163,"late"
237,5.98,"Foggy","High","Morning","Bike",14,6,44,0.135909090909091,"on time"
488,5.98,"Rainy","High","Morning","Bike",21,2,60,0.0996666666666667,"late"
118,4.14,"Foggy","Medium","Morning","Bike",21,0,46,0.09,"on time"
944,16.68,"Unknown","Medium","Afternoon","Bike",9,9,63,0.264761904761905,"late"
513,18.69,"Windy","Medium","Night","Bike",23,9,74,0.252567567567568,"late"
826,18.44,"Rainy","High","Morning","Bike",27,7,80,0.2305,"late"
592,13,"Windy","High","Morning","Bike",22,8,65,0.2,"late"
127,16.45,"Unknown","Medium","Evening","Scooter",25,3,87,0.189080459770115,"late"
117,16.17,"Clear","Medium","Evening","Car",10,2,116,0.139396551724138,"late"
474,17.88,"Clear","Medium","Evening","Bike",29,3,98,0.182448979591837,"late"
694,5.23,"Clear","Medium","Morning","Scooter",19,4,37,0.141351351351351,"on time"
58,4.32,"Unknown","Medium","Morning","Bike",17,4,36,0.12,"on time"
864,9.09,"Rainy","Medium","Morning","Bike",6,7,43,0.211395348837209,"on time"
913,12.67,"Windy","Medium","Morning","Scooter",7,3,43,0.294651162790698,"on time"
370,1.85,"Clear","Medium","Evening","Bike",10,1,24,0.0770833333333333,"on time"
269,7.51,"Rainy","Low","Evening","Car",27,6,50,0.1502,"on time"
47,6.58,"Clear","Low","Afternoon","Bike",13,1,34,0.193529411764706,"on time"
350,12.7,"Clear","Low","Morning","Scooter",22,2,57,0.22280701754386,"late"
196,7.31,"Foggy","Medium","Afternoon","Bike",26,2,65,0.112461538461538,"late"
1000,9.2,"Clear","High","Morning","Scooter",9,9,48,0.191666666666667,"on time"
835,10.22,"Foggy","Low","Afternoon","Scooter",21,0,61,0.167540983606557,"late"
737,8.15,"Clear","High","Evening","Scooter",12,9,43,0.18953488372093,"on time"
264,10.61,"Clear","Medium","Morning","Bike",17,0,59,0.179830508474576,"late"
444,7.73,"Clear","High","Night","Bike",29,5,58,0.133275862068966,"late"
676,19.66,"Clear","Low","Morning","Car",19,6,70,0.280857142857143,"late"
305,14.66,"Snowy","High","Morning","Car",5,6,71,0.206478873239437,"late"
342,9.73,"Clear","Low","Afternoon","Bike",29,6,60,0.162166666666667,"late"
967,14.52,"Clear","Medium","Afternoon","Car",26,5,86,0.168837209302326,"late"
150,5.93,"Foggy","High","Unknown","Scooter",27,1,106,0.0559433962264151,"late"
125,4.94,"Rainy","High","Evening","Scooter",28,4,63,0.0784126984126984,"late"
787,11.88,"Rainy","High","Afternoon","Car",29,9,78,0.152307692307692,"late"
51,19.41,"Foggy","Medium","Morning","Car",7,6,66,0.294090909090909,"late"
354,3.68,"Unknown","High","Afternoon","Car",16,6,47,0.0782978723404255,"on time"
928,11.06,"Clear","High","Evening","Bike",6,9,53,0.208679245283019,"on time"
143,10.2,"Rainy","Medium","Afternoon","Bike",18,9,56,0.182142857142857,"on time"
471,0.74,"Rainy","Low","Morning","Car",13,4,21,0.0352380952380952,"on time"
400,15.21,"Snowy","Medium","Afternoon","Bike",20,9,90,0.169,"late"
626,7.69,"Rainy","High","Morning","Scooter",16,3,58,0.132586206896552,"late"
321,11.21,"Clear","High","Afternoon","Scooter",23,1,76,0.1475,"late"
20,6.18,"Clear","Medium","Evening","Bike",9,9,35,0.176571428571429,"on time"
810,2.71,"Clear","Medium","Morning","Car",6,5,19,0.142631578947368,"on time"
791,3.49,"Clear","Medium","Morning","Bike",17,2,38,0.0918421052631579,"on time"
809,9.29,"Clear","Medium","Morning","Bike",17,2,49,0.189591836734694,"on time"
408,0.71,"Foggy","Low","Night","Bike",29,1,41,0.0173170731707317,"on time"
538,5.32,"Rainy","Low","Afternoon","Scooter",27,2,48,0.110833333333333,"on time"
621,4.1,"Clear","Medium","Evening","Car",18,3,38,0.107894736842105,"on time"
39,13.84,"Clear","Low","Morning","Scooter",18,4.57938144329897,64,0.21625,"late"
176,3.9,"Rainy","High","Morning","Car",25,9,54,0.0722222222222222,"on time"
246,18.6,"Rainy","Medium","Morning","Car",28,9,77,0.241558441558442,"late"
829,14.88,"Snowy","Medium","Evening","Bike",10,0,64,0.2325,"late"
668,3.63,"Windy","Medium","Morning","Car",22,9,39,0.0930769230769231,"on time"
755,3.22,"Windy","High","Morning","Car",7,7,27,0.119259259259259,"on time"
859,11.51,"Foggy","Low","Afternoon","Car",5,7,57,0.201929824561404,"late"
155,19.72,"Rainy","Low","Afternoon","Bike",27,6,109,0.180917431192661,"late"
288,11.08,"Clear","Low","Evening","Scooter",28,2,58,0.191034482758621,"late"
603,3.95,"Clear","Medium","Morning","Car",28,5,47,0.0840425531914894,"on time"
570,7.29,"Clear","High","Evening","Car",11,7,48,0.151875,"on time"
744,10.3,"Clear","Low","Morning","Car",12,7,41,0.251219512195122,"on time"
18,10.73,"Rainy","High","Afternoon","Car",27,6,83,0.129277108433735,"late"
128,17.28,"Clear","Low","Morning","Car",28,3,72,0.24,"late"
323,13.37,"Foggy","Medium","Evening","Scooter",16,9,71,0.18830985915493,"late"
256,11.36,"Clear","Medium","Morning","Scooter",8,2,52,0.218461538461538,"on time"
658,7.58,"Clear","High","Afternoon","Scooter",19,9,57,0.132982456140351,"late"
965,6.13,"Rainy","High","Unknown","Bike",25,6,59,0.103898305084746,"late"
191,2.32,"Clear","Low","Afternoon","Scooter",23,1,32,0.0725,"on time"
116,17.49,"Rainy","Low","Evening","Bike",27,9,97,0.180309278350515,"late"
617,1.69,"Windy","Unknown","Afternoon","Car",11,7,20,0.0845,"on time"
607,4.52,"Unknown","Low","Evening","Car",17,0,71,0.0636619718309859,"late"
181,7.15,"Windy","Low","Morning","Bike",15,3,42,0.170238095238095,"on time"
302,10.86,"Windy","Medium","Unknown","Car",10,4,60,0.181,"late"
760,15.88,"Rainy","Low","Evening","Car",17,1,68,0.233529411764706,"late"
713,9.7,"Snowy","Low","Evening","Bike",6,4.57938144329897,45,0.215555555555556,"on time"
724,14.95,"Clear","Medium","Morning","Bike",13,7,49,0.305102040816327,"on time"
686,11.36,"Foggy","Low","Afternoon","Bike",6,4,47,0.241702127659574,"on time"
980,12.14,"Foggy","High","Afternoon","Bike",12,0,65,0.186769230769231,"late"
518,16.31,"Foggy","Medium","Afternoon","Car",14,7,71,0.229718309859155,"late"
985,14.7,"Clear","Medium","Evening","Scooter",24,5,75,0.196,"late"
46,13.42,"Rainy","Medium","Evening","Bike",6,6,105,0.127809523809524,"late"
910,7.9,"Clear","Low","Afternoon","Scooter",22,4.57938144329897,48,0.164583333333333,"on time"
158,15.35,"Foggy","Low","Morning","Car",5,3,56,0.274107142857143,"on time"
852,15.12,"Foggy","Low","Morning","Bike",14,1,58,0.260689655172414,"late"
172,0.82,"Windy","Low","Morning","Car",18,9,23,0.0356521739130435,"on time"
17,6.43,"Clear","Low","Evening","Car",9,7,26,0.247307692307692,"on time"
512,8.66,"Snowy","High","Morning","Bike",29,3,77,0.112467532467532,"late"
49,11.16,"Foggy","Medium","Afternoon","Car",21,4,77,0.144935064935065,"late"
972,18.77,"Foggy","Low","Afternoon","Car",15,4.57938144329897,71,0.264366197183099,"late"
941,5.84,"Clear","Unknown","Evening","Bike",21,7,35,0.166857142857143,"on time"
516,1.01,"Clear","High","Night","Bike",17,7,29,0.0348275862068965,"on time"
953,3.92,"Rainy","Medium","Night","Bike",20,9,41,0.095609756097561,"on time"
481,12.77,"Foggy","Low","Morning","Bike",22,8,71,0.179859154929577,"late"
284,2.33,"Clear","Low","Evening","Bike",9,2,18,0.129444444444444,"on time"
719,2.92,"Windy","High","Afternoon","Bike",24,4,48,0.0608333333333333,"on time"
878,13.35,"Rainy","Low","Evening","Scooter",14,4,91,0.146703296703297,"late"
226,5.26,"Rainy","Medium","Evening","Scooter",28,8,51,0.103137254901961,"on time"
27,4.39,"Foggy","Medium","Night","Bike",12,8,38,0.115526315789474,"on time"
955,8.67,"Windy","High","Morning","Bike",20,4,55,0.157636363636364,"on time"
438,16.53,"Snowy","Low","Afternoon","Scooter",24,9,99,0.166969696969697,"late"
952,13.47,"Clear","Medium","Evening","Bike",19,4,59,0.228305084745763,"late"
365,18.86,"Snowy","Medium","Night","Bike",18,1,89,0.211910112359551,"late"
230,12.81,"Clear","Low","Morning","Bike",12,2,51,0.251176470588235,"on time"
38,2.4,"Snowy","Low","Night","Scooter",27,5,42,0.0571428571428571,"on time"
966,7.44,"Rainy","Medium","Evening","Bike",6,1,39,0.190769230769231,"on time"
375,1.89,"Clear","Medium","Evening","Scooter",13,7,22,0.0859090909090909,"on time"
470,19.28,"Snowy","Medium","Morning","Car",21,3,101,0.190891089108911,"late"
968,6.29,"Unknown","Medium","Morning","Scooter",10,7,27,0.232962962962963,"on time"
851,1.81,"Clear","Medium","Afternoon","Car",23,3,34,0.0532352941176471,"on time"
705,1.74,"Clear","Medium","Night","Bike",23,2,34,0.0511764705882353,"on time"
842,13.44,"Clear","Medium","Morning","Car",22,1,79,0.170126582278481,"late"
195,7.11,"Clear","Low","Afternoon","Scooter",27,4.57938144329897,48,0.148125,"on time"
855,4.5,"Windy","Low","Evening","Scooter",20,6,32,0.140625,"on time"
865,8.31,"Windy","Medium","Morning","Bike",6,5,44,0.188863636363636,"on time"
504,16.37,"Clear","High","Morning","Bike",26,7,97,0.168762886597938,"late"
970,9.78,"Clear","Medium","Afternoon","Bike",18,3,58,0.168620689655172,"late"
831,4.88,"Windy","Medium","Afternoon","Scooter",26,7,48,0.101666666666667,"on time"
580,5.54,"Rainy","Medium","Unknown","Scooter",28,9,51,0.108627450980392,"on time"
969,11.54,"Clear","High","Afternoon","Car",10,0,56,0.206071428571429,"on time"
163,12.85,"Clear","Low","Afternoon","Scooter",5,4.57938144329897,54,0.237962962962963,"on time"
909,5.56,"Clear","Low","Afternoon","Scooter",19,5,31,0.179354838709677,"on time"
153,3.33,"Unknown","Medium","Evening","Scooter",24,2,44,0.0756818181818182,"on time"
802,3.47,"Snowy","High","Night","Bike",24,9,53,0.0654716981132075,"on time"
994,12.01,"Clear","Low","Morning","Scooter",26,6,57,0.210701754385965,"late"
756,15.98,"Foggy","Low","Morning","Car",21,6,90,0.177555555555556,"late"
112,3.64,"Clear","Low","Morning","Scooter",16,3,26,0.14,"on time"
227,19.47,"Clear","Low","Morning","Bike",16,8,83,0.234578313253012,"late"
689,15.51,"Rainy","Medium","Morning","Scooter",10,8,81,0.191481481481481,"late"
104,10.42,"Windy","Medium","Afternoon","Bike",28,3,72,0.144722222222222,"late"
422,15.9,"Rainy","Low","Evening","Car",19,5,78,0.203846153846154,"late"
420,15.17,"Windy","Low","Morning","Bike",25,4,77,0.197012987012987,"late"
751,2.78,"Rainy","Low","Unknown","Bike",21,4,37,0.0751351351351351,"on time"
587,1.98,"Rainy","Low","Afternoon","Bike",22,0,39,0.0507692307692308,"on time"
781,14.03,"Clear","Low","Afternoon","Bike",17,2,65,0.215846153846154,"late"
673,2.06,"Foggy","Medium","Evening","Scooter",22,4,40,0.0515,"on time"
120,11.02,"Clear","High","Morning","Scooter",22,2,70,0.157428571428571,"late"
54,17.95,"Snowy","High","Morning","Scooter",16,4.57938144329897,96,0.186979166666667,"late"
152,5.17,"Foggy","Low","Morning","Bike",29,0,56,0.0923214285714286,"on time"
404,16.62,"Snowy","Low","Afternoon","Bike",26,8,94,0.176808510638298,"late"
946,0.71,"Rainy","Low","Morning","Car",25,8,31,0.0229032258064516,"on time"
208,13.44,"Clear","Unknown","Evening","Scooter",9,5,55,0.244363636363636,"on time"
659,13.1,"Clear","Low","Evening","Bike",28,2,72,0.181944444444444,"late"
844,19.24,"Rainy","High","Afternoon","Bike",9,7,75,0.256533333333333,"late"
763,5.35,"Clear","Medium","Afternoon","Scooter",24,6,43,0.124418604651163,"on time"
9,12.22,"Clear","Low","Evening","Scooter",15,0,56,0.218214285714286,"on time"
808,18.55,"Clear","Low","Afternoon","Car",11,9,69,0.268840579710145,"late"
37,6.44,"Clear","Low","Afternoon","Car",18,2,43,0.149767441860465,"on time"
453,8.77,"Foggy","Medium","Evening","Car",14,7,49,0.178979591836735,"on time"
652,10.97,"Clear","Low","Afternoon","Scooter",27,3,51,0.215098039215686,"on time"
254,6.68,"Clear","High","Morning","Scooter",10,5,44,0.151818181818182,"on time"
304,12.93,"Rainy","Low","Afternoon","Scooter",25,0,61,0.211967213114754,"late"
747,7.99,"Clear","Medium","Evening","Bike",18,4,42,0.190238095238095,"on time"
572,15.78,"Clear","High","Afternoon","Scooter",12,1,68,0.232058823529412,"late"
624,9.95,"Windy","High","Evening","Scooter",21,5,72,0.138194444444444,"late"
733,13.47,"Rainy","Low","Afternoon","Scooter",7,6,46,0.292826086956522,"on time"
892,17.19,"Clear","Medium","Afternoon","Bike",11,8,76,0.226184210526316,"late"
263,3.23,"Clear","High","Afternoon","Bike",17,9,33,0.0978787878787879,"on time"
611,1.27,"Foggy","High","Afternoon","Bike",25,9,46,0.0276086956521739,"on time"
298,4.71,"Clear","Low","Morning","Bike",20,6,31,0.151935483870968,"on time"
415,12.82,"Rainy","Medium","Evening","Bike",28,9,72,0.178055555555556,"late"
151,18.21,"Unknown","Low","Evening","Bike",6,3,74,0.246081081081081,"late"
789,9.51,"Clear","High","Morning","Bike",26,9,63,0.150952380952381,"late"
641,0.89,"Rainy","Low","Morning","Car",9,0,20,0.0445,"on time"
890,5.24,"Windy","High","Afternoon","Scooter",26,8,51,0.102745098039216,"on time"
551,10.64,"Windy","Low","Evening","Car",11,9,36,0.295555555555556,"on time"
887,13.23,"Clear","Medium","Night","Bike",20,8,70,0.189,"late"
489,19.03,"Clear","Medium","Morning","Scooter",8,8,65,0.292769230769231,"late"
148,10.3,"Rainy","Low","Evening","Bike",29,0,73,0.141095890410959,"late"
147,12.39,"Snowy","Medium","Evening","Bike",14,8,56,0.22125,"on time"
721,18.8,"Clear","High","Afternoon","Bike",23,7,95,0.197894736842105,"late"
932,16.78,"Rainy","Medium","Morning","Bike",22,1,70,0.239714285714286,"late"
740,7.85,"Clear","Low","Afternoon","Scooter",7,9,34,0.230882352941176,"on time"
660,11.63,"Clear","Medium","Night","Scooter",29,7,57,0.204035087719298,"late"
349,7.8,"Windy","Medium","Afternoon","Car",17,6,44,0.177272727272727,"on time"
464,11.88,"Rainy","Medium","Afternoon","Bike",5,1,63,0.188571428571429,"late"
326,14.89,"Clear","High","Evening","Car",22,9,88,0.169204545454545,"late"
187,16.44,"Rainy","High","Afternoon","Bike",12,4.57938144329897,86,0.191162790697674,"late"
124,2.65,"Unknown","Medium","Afternoon","Car",14,4,35,0.0757142857142857,"on time"
854,18.01,"Foggy","High","Night","Bike",14,2,71,0.253661971830986,"late"
609,10.32,"Clear","Medium","Night","Car",24,5,49,0.210612244897959,"on time"
144,6.37,"Rainy","Low","Afternoon","Car",29,4,56,0.11375,"on time"
959,3.74,"Rainy","Low","Morning","Bike",19,6,36,0.103888888888889,"on time"
198,17.99,"Windy","High","Evening","Bike",5,1,73,0.246438356164384,"late"
610,13.96,"Rainy","Low","Night","Bike",5,1,42,0.332380952380952,"on time"
280,16.02,"Clear","Low","Evening","Bike",20,7,61,0.262622950819672,"late"
294,7.52,"Unknown","Medium","Afternoon","Car",17,9,44,0.170909090909091,"on time"
401,2.51,"Clear","Low","Morning","Bike",16,2,28,0.0896428571428571,"on time"
123,6.7,"Foggy","High","Morning","Scooter",23,3,59,0.113559322033898,"late"
184,17.61,"Windy","Low","Morning","Bike",5,8,61,0.288688524590164,"late"
203,3.65,"Clear","Medium","Morning","Bike",29,9,46,0.0793478260869565,"on time"
439,14.27,"Clear","Medium","Night","Car",24,3,77,0.185324675324675,"late"
247,8.85,"Clear","Low","Afternoon","Bike",11,9,45,0.196666666666667,"on time"
416,9.24,"Windy","Unknown","Afternoon","Bike",8,2,49,0.188571428571429,"on time"
933,19.7,"Rainy","Low","Evening","Car",16,6,66,0.298484848484848,"late"
766,11.61,"Clear","High","Morning","Car",19,1,67,0.173283582089552,"late"
907,16.44,"Windy","High","Afternoon","Car",8,0,80,0.2055,"late"
836,8.67,"Rainy","High","Afternoon","Bike",12,7,104,0.0833653846153846,"late"
888,5.14,"Clear","Medium","Evening","Scooter",23,7,43,0.11953488372093,"on time"
130,10.46,"Clear","Unknown","Evening","Bike",25,3,68,0.153823529411765,"late"
638,5.23,"Clear","Medium","Morning","Scooter",23,2,47,0.111276595744681,"on time"
403,10.35,"Clear","Medium","Night","Bike",7,9,48,0.215625,"on time"
785,4.04,"Rainy","High","Evening","Bike",14,6,39,0.103589743589744,"on time"
771,2.66,"Clear","Low","Afternoon","Bike",16,8,21,0.126666666666667,"on time"
736,17.61,"Foggy","Medium","Afternoon","Bike",9,5,74,0.237972972972973,"late"
914,8.48,"Clear","High","Night","Bike",11,5,39,0.217435897435897,"on time"
220,17.06,"Clear","Low","Evening","Bike",9,9,66,0.258484848484848,"late"
642,6.78,"Foggy","Low","Night","Bike",18,6,42,0.161428571428571,"on time"
916,9,"Snowy","Medium","Afternoon","Car",29,3,78,0.115384615384615,"late"
753,12.74,"Clear","Low","Afternoon","Scooter",12,0,63,0.202222222222222,"late"
807,18.72,"Rainy","Medium","Afternoon","Bike",17,0,89,0.210337078651685,"late"
920,3.23,"Clear","Low","Unknown","Bike",7,7,14,0.230714285714286,"on time"
625,12.56,"Clear","Low","Morning","Car",22,8,49,0.256326530612245,"on time"
875,1,"Snowy","Medium","Morning","Bike",28,0,51,0.0196078431372549,"on time"
761,3.46,"Clear","Low","Morning","Bike",24,6,37,0.0935135135135135,"on time"
387,6,"Snowy","Low","Morning","Car",20,8,53,0.113207547169811,"on time"
973,14.79,"Clear","Medium","Morning","Scooter",12,9,64,0.23109375,"late"
510,14.65,"Snowy","High","Morning","Car",19,3,95,0.154210526315789,"late"
268,14.2,"Clear","Medium","Afternoon","Bike",17,1,73,0.194520547945205,"late"
820,7.04,"Clear","Low","Afternoon","Bike",11,8,38,0.185263157894737,"on time"
442,19.74,"Clear","Unknown","Afternoon","Car",16,1,98,0.201428571428571,"late"
497,11.88,"Rainy","Medium","Evening","Bike",20,8,69,0.172173913043478,"late"
113,18.63,"Clear","Low","Evening","Bike",26,8,75,0.2484,"late"
692,8.8,"Rainy","Medium","Afternoon","Bike",6,2,38,0.231578947368421,"on time"
233,11.75,"Clear","High","Morning","Bike",9,2,55,0.213636363636364,"on time"
870,18.95,"Snowy","Low","Morning","Car",27,0,92,0.205978260869565,"late"
608,7.6,"Foggy","Low","Morning","Bike",16,4,48,0.158333333333333,"on time"
672,17.99,"Foggy","Low","Morning","Car",11,2,84,0.214166666666667,"late"
374,13.82,"Clear","Medium","Evening","Bike",21,9,72,0.191944444444444,"late"
982,15.53,"Foggy","Low","Evening","Bike",26,7,68,0.228382352941176,"late"
843,3.97,"Clear","High","Afternoon","Bike",19,8,40,0.09925,"on time"
234,10.1,"Clear","High","Morning","Car",17,6,55,0.183636363636364,"on time"
786,18.21,"Foggy","Low","Morning","Bike",5,1,70,0.260142857142857,"late"
677,2.68,"Clear","Low","Morning","Bike",16,8,25,0.1072,"on time"
318,3.88,"Snowy","Low","Morning","Bike",9,6,33,0.117575757575758,"on time"
649,15.89,"Snowy","Medium","Afternoon","Car",15,9,91,0.174615384615385,"late"
411,6.73,"Clear","Medium","Afternoon","Bike",21,1,54,0.12462962962963,"on time"
899,0.75,"Clear","Medium","Afternoon","Bike",10,5,16,0.046875,"on time"
710,13.79,"Rainy","Low","Night","Scooter",11,0,69,0.199855072463768,"late"
359,18.83,"Clear","Medium","Evening","Scooter",5,8,69,0.272898550724638,"late"
259,11.62,"Clear","Low","Afternoon","Bike",9,8,33,0.352121212121212,"on time"
745,5.03,"Clear","Medium","Morning","Bike",17,4.57938144329897,38,0.132368421052632,"on time"
628,15.08,"Rainy","Medium","Evening","Scooter",26,1,94,0.160425531914894,"late"
633,10.48,"Rainy","Low","Afternoon","Car",10,7,45,0.232888888888889,"on time"
283,7.82,"Rainy","Medium","Evening","Bike",16,8,45,0.173777777777778,"on time"
377,16.98,"Clear","Low","Unknown","Bike",11,6,78,0.217692307692308,"late"
225,5.67,"Clear","Low","Morning","Scooter",11,9,27,0.21,"on time"
954,18.33,"Snowy","Medium","Morning","Scooter",5,5,67,0.273582089552239,"late"
815,17.46,"Clear","Medium","Morning","Scooter",6,4.57938144329897,62,0.281612903225806,"late"
473,1.34,"Foggy","High","Evening","Bike",9,5,30,0.0446666666666667,"on time"
348,1.38,"Clear","Low","Morning","Scooter",13,9,17,0.0811764705882353,"on time"
506,3.67,"Clear","Low","Unknown","Bike",9,0,26,0.141153846153846,"on time"
640,7.86,"Windy","Medium","Morning","Car",22,2,55,0.142909090909091,"on time"
988,8.98,"Clear","Medium","Afternoon","Scooter",22,8,105,0.0855238095238095,"late"
929,12.85,"Rainy","Medium","Evening","Scooter",6,7,61,0.210655737704918,"late"
906,17.91,"Clear","Low","Afternoon","Bike",6,7,68,0.263382352941176,"late"
620,15.09,"Snowy","Low","Morning","Car",20,7,68,0.221911764705882,"late"
856,4.22,"Clear","Medium","Morning","Bike",16,7,35,0.120571428571429,"on time"
804,12.33,"Clear","High","Night","Bike",7,2,101,0.122079207920792,"late"
646,17.87,"Snowy","Low","Morning","Scooter",29,4,87,0.205402298850575,"late"
847,2.16,"Clear","Medium","Night","Car",10,1,23,0.0939130434782609,"on time"
557,3.11,"Rainy","Medium","Morning","Scooter",21,1,43,0.0723255813953488,"on time"
958,1.42,"Clear","High","Afternoon","Scooter",24,2,40,0.0355,"on time"
578,18.57,"Rainy","Medium","Afternoon","Bike",16,7,89,0.208651685393258,"late"
796,17.51,"Clear","Medium","Evening","Bike",15,3,60,0.291833333333333,"late"
86,6.84,"Clear","Medium","Evening","Bike",25,1,51,0.134117647058824,"on time"
243,18.34,"Snowy","Medium","Afternoon","Scooter",22,4.57938144329897,91,0.201538461538462,"late"
699,3.51,"Windy","Medium","Night","Bike",22,2,44,0.0797727272727273,"on time"
160,14.7,"Clear","Medium","Morning","Scooter",6,2,58,0.253448275862069,"late"
525,16.85,"Clear","High","Morning","Car",17,4,71,0.237323943661972,"late"
36,16.26,"Rainy","Low","Morning","Car",27,5,66,0.246363636363636,"late"
541,19.1,"Snowy","Medium","Morning","Bike",25,6,90,0.212222222222222,"late"
171,13.71,"Rainy","Medium","Evening","Bike",22,9,64,0.21421875,"late"
655,8.92,"Clear","Medium","Unknown","Bike",10,1,51,0.174901960784314,"on time"
891,14.58,"Clear","Low","Evening","Bike",23,0,70,0.208285714285714,"late"
858,9.71,"Clear","Low","Afternoon","Car",27,5,61,0.159180327868852,"late"
848,19.94,"Clear","Low","Afternoon","Bike",26,6,83,0.240240963855422,"late"
945,4.53,"Snowy","Medium","Morning","Scooter",18,4,49,0.0924489795918367,"on time"
734,10.7,"Clear","High","Afternoon","Car",8,4,57,0.187719298245614,"late"
96,10.13,"Clear","Medium","Evening","Bike",22,0,65,0.155846153846154,"late"
564,0.78,"Clear","Low","Afternoon","Bike",11,0,18,0.0433333333333333,"on time"
241,18.84,"Foggy","Medium","Afternoon","Scooter",25,8,88,0.214090909090909,"late"
743,15.08,"Snowy","Low","Evening","Bike",29,7,84,0.17952380952381,"late"
575,17.32,"Clear","Low","Evening","Scooter",10,3,77,0.224935064935065,"late"
691,6.81,"Clear","Medium","Evening","Bike",23,2,47,0.144893617021277,"on time"
461,2.79,"Clear","High","Morning","Bike",23,7,38,0.0734210526315789,"on time"
554,11.44,"Foggy","High","Afternoon","Car",14,4,74,0.154594594594595,"late"
889,2.44,"Snowy","High","Evening","Bike",13,9,39,0.0625641025641026,"on time"
207,2.48,"Rainy","Low","Evening","Scooter",20,8,30,0.0826666666666667,"on time"
393,7.75,"Unknown","Medium","Evening","Scooter",21,1,55,0.140909090909091,"on time"
795,0.85,"Clear","Medium","Morning","Bike",9,8,17,0.05,"on time"
398,8.87,"Clear","Low","Evening","Bike",19,3,55,0.161272727272727,"on time"
767,15.37,"Snowy","Medium","Afternoon","Car",15,5,66,0.232878787878788,"late"
849,10.29,"Foggy","Medium","Evening","Scooter",25,4,67,0.153582089552239,"late"
218,15.06,"Rainy","Low","Morning","Bike",22,4,65,0.231692307692308,"late"
5,3.54,"Foggy","Low","Unknown","Bike",23,7,37,0.0956756756756757,"on time"
769,7.17,"Clear","Medium","Morning","Scooter",7,9,29,0.247241379310345,"on time"
643,4.62,"Rainy","Medium","Afternoon","Car",8,3,33,0.14,"on time"
930,5.53,"Clear","Low","Morning","Car",10,8,27,0.204814814814815,"on time"
613,12.74,"Rainy","Low","Afternoon","Bike",17,9,63,0.202222222222222,"late"
739,9.06,"Clear","High","Evening","Bike",26,3,61,0.148524590163934,"late"
547,2.71,"Foggy","Low","Morning","Bike",6,0,28,0.0967857142857143,"on time"
726,16.92,"Clear","Low","Night","Bike",23,5,78,0.216923076923077,"late"
684,13.54,"Foggy","Low","Morning","Bike",11,1,54,0.250740740740741,"on time"
99,1,"Snowy","Medium","Morning","Bike",25,4,44,0.0227272727272727,"on time"
805,8.77,"Clear","Medium","Morning","Car",12,2,42,0.208809523809524,"on time"
728,16.01,"Windy","Low","Morning","Car",28,0,84,0.190595238095238,"late"
574,12.63,"Foggy","Medium","Night","Scooter",8,8,49,0.257755102040816,"on time"
407,8.09,"Foggy","Low","Evening","Car",22,2,56,0.144464285714286,"on time"
503,6.54,"Clear","Medium","Night","Bike",10,7,39,0.167692307692308,"on time"
48,10.64,"Clear","Medium","Afternoon","Scooter",14,5,45,0.236444444444444,"on time"
33,1.77,"Clear","Medium","Evening","Bike",14,9,22,0.0804545454545455,"on time"
780,13,"Foggy","Low","Evening","Bike",25,7,77,0.168831168831169,"late"
840,12.83,"Clear","Low","Evening","Bike",5,8,50,0.2566,"on time"
201,13.02,"Snowy","High","Afternoon","Car",6,9,65,0.200307692307692,"late"
135,18.89,"Rainy","Medium","Morning","Scooter",22,1,74,0.25527027027027,"late"
28,10.53,"Foggy","High","Evening","Bike",25,8,72,0.14625,"late"
881,5.01,"Rainy","Low","Afternoon","Bike",10,5,31,0.161612903225806,"on time"
231,16,"Foggy","Medium","Afternoon","Scooter",13,3,65,0.246153846153846,"late"
490,17.86,"Clear","Low","Afternoon","Scooter",16,8,83,0.215180722891566,"late"
773,2.99,"Foggy","High","Afternoon","Bike",9,5,90,0.0332222222222222,"late"
379,16.38,"Clear","Medium","Morning","Bike",6,2,51,0.321176470588235,"on time"
289,6.09,"Clear","Medium","Night","Bike",7,4,27,0.225555555555556,"on time"
419,13.61,"Clear","Low","Morning","Bike",26,0,66,0.206212121212121,"late"
675,8.5,"Snowy","High","Evening","Bike",14,7,56,0.151785714285714,"on time"
392,8.55,"Clear","Low","Evening","Scooter",28,8,46,0.185869565217391,"on time"
593,4.05,"Clear","Medium","Afternoon","Scooter",21,5,39,0.103846153846154,"on time"
499,19.5,"Clear","High","Morning","Bike",18,2,73,0.267123287671233,"late"
139,7.59,"Clear","Unknown","Afternoon","Scooter",16,3,37,0.205135135135135,"on time"
63,16.66,"Snowy","High","Afternoon","Scooter",29,7,95,0.175368421052632,"late"
472,19.41,"Snowy","High","Evening","Car",21,3,100,0.1941,"late"
648,13.74,"Foggy","Medium","Afternoon","Bike",6,1,56,0.245357142857143,"on time"
129,0.64,"Clear","High","Night","Bike",10,3,24,0.0266666666666667,"on time"
977,12.1,"Clear","High","Afternoon","Bike",11,0,53,0.228301886792453,"on time"
521,12.09,"Clear","Medium","Morning","Car",13,1,60,0.2015,"late"
839,11.82,"Windy","Medium","Night","Bike",24,7,77,0.153506493506494,"late"
963,5.28,"Foggy","Low","Morning","Bike",27,6,53,0.099622641509434,"on time"
65,5.98,"Clear","Low","Evening","Car",22,9,35,0.170857142857143,"on time"
813,2.93,"Clear","Medium","Morning","Bike",24,8,94,0.0311702127659574,"late"
15,4.05,"Snowy","Medium","Evening","Scooter",19,2,50,0.081,"on time"
157,13.61,"Clear","Low","Unknown","Scooter",12,2,43,0.316511627906977,"on time"
41,2.88,"Rainy","Unknown","Morning","Car",16,4,41,0.0702439024390244,"on time"
493,5.91,"Clear","Medium","Evening","Scooter",29,4,57,0.103684210526316,"late"
380,6,"Rainy","Medium","Evening","Scooter",21,2,47,0.127659574468085,"on time"
188,11.33,"Clear","Medium","Afternoon","Scooter",29,7,77,0.147142857142857,"late"
764,15.01,"Clear","Medium","Morning","Bike",15,6,64,0.23453125,"late"
217,6.85,"Clear","High","Morning","Bike",16,5,48,0.142708333333333,"on time"
792,11.93,"Snowy","High","Morning","Car",7,1,75,0.159066666666667,"late"
53,18.82,"Windy","Low","Morning","Car",5,3,77,0.244415584415584,"late"
879,1.03,"Clear","Medium","Afternoon","Bike",19,4,29,0.0355172413793103,"on time"
338,14.22,"Rainy","Unknown","Evening","Car",25,8,84,0.169285714285714,"late"
749,18.18,"Snowy","High","Unknown","Bike",17,3,85,0.213882352941176,"late"
720,14.75,"Clear","Low","Morning","Car",10,7,62,0.237903225806452,"late"
725,11.7,"Rainy","Low","Afternoon","Bike",17,5,60,0.195,"late"
296,10.68,"Clear","Low","Morning","Bike",14,1,42,0.254285714285714,"on time"
702,1.51,"Clear","High","Evening","Bike",26,1,44,0.0343181818181818,"on time"
252,8.01,"Clear","High","Morning","Bike",8,6,48,0.166875,"on time"
727,3.23,"Rainy","Low","Morning","Car",25,7,42,0.0769047619047619,"on time"
462,13.16,"Rainy","High","Morning","Scooter",25,8,68,0.193529411764706,"late"
456,10.11,"Windy","Low","Morning","Bike",11,4,44,0.229772727272727,"on time"
997,18.39,"Windy","Low","Afternoon","Bike",24,6,74,0.248513513513514,"late"
816,10.62,"Windy","Medium","Afternoon","Car",22,5,54,0.196666666666667,"on time"
863,10.73,"Clear","Unknown","Afternoon","Bike",7,5,57,0.188245614035088,"late"
270,6.23,"Clear","Medium","Evening","Car",20,1,51,0.122156862745098,"on time"
202,2.14,"Clear","Low","Afternoon","Bike",25,1,36,0.0594444444444444,"on time"
162,12.83,"Clear","Medium","Morning","Bike",19,2,76,0.168815789473684,"late"
556,8.37,"Clear","High","Evening","Scooter",13,7,42,0.199285714285714,"on time"
730,3.69,"Rainy","Medium","Afternoon","Bike",8,8,27,0.136666666666667,"on time"
402,18.1,"Clear","Low","Morning","Scooter",8,5,77,0.235064935064935,"late"
703,7.06,"Clear","Low","Afternoon","Scooter",26,5,51,0.13843137254902,"on time"
477,1.94,"Foggy","Low","Night","Bike",10,1,25,0.0776,"on time"
822,0.59,"Clear","Low","Afternoon","Bike",21,0,27,0.0218518518518519,"on time"
772,17.01,"Snowy","Low","Night","Bike",28,6,97,0.175360824742268,"late"
106,5.36,"Clear","Low","Afternoon","Scooter",11,4,30,0.178666666666667,"on time"
566,12,"Clear","Low","Evening","Car",25,0,75,0.16,"late"
390,16.23,"Clear","Medium","Evening","Bike",6,0,54,0.300555555555556,"on time"
2,19.04,"Rainy","Low","Evening","Car",12,6,60,0.317333333333333,"late"
938,18.33,"Foggy","Medium","Morning","Scooter",19,0,98,0.187040816326531,"late"
983,2.58,"Clear","Medium","Morning","Scooter",25,7,37,0.0697297297297297,"on time"
562,4.65,"Clear","Medium","Evening","Bike",21,1,46,0.101086956521739,"on time"
81,17.33,"Snowy","Low","Evening","Scooter",12,3,79,0.219367088607595,"late"
206,0.68,"Snowy","High","Evening","Bike",29,8,50,0.0136,"on time"
35,19.33,"Clear","Medium","Morning","Bike",7,8,73,0.264794520547945,"late"
776,3.42,"Clear","Medium","Night","Car",11,9,24,0.1425,"on time"
509,19.02,"Rainy","High","Evening","Scooter",22,1,106,0.179433962264151,"late"
455,2.67,"Clear","Medium","Night","Car",17,6,28,0.0953571428571428,"on time"
367,19.24,"Snowy","Low","Unknown","Bike",26,1,114,0.168771929824561,"late"
92,14.41,"Rainy","Unknown","Night","Bike",16,6,85,0.169529411764706,"late"
340,2.41,"Unknown","Medium","Evening","Bike",15,9,25,0.0964,"on time"
898,17.98,"Clear","Low","Evening","Bike",5,8,45,0.399555555555556,"on time"
565,7.34,"Foggy","Medium","Afternoon","Bike",22,5,93,0.0789247311827957,"late"
346,12.51,"Clear","Medium","Evening","Bike",18,5,62,0.201774193548387,"late"
777,4.97,"Rainy","Low","Evening","Bike",17,9,34,0.146176470588235,"on time"
242,19.1,"Snowy","Low","Afternoon","Bike",18,1,101,0.189108910891089,"late"
14,4.64,"Clear","Low","Afternoon","Bike",15,9,24,0.193333333333333,"on time"
316,14.07,"Rainy","Low","Evening","Bike",10,5,63,0.223333333333333,"late"
601,3.79,"Clear","Medium","Morning","Bike",13,2,34,0.111470588235294,"on time"
388,3.96,"Clear","Medium","Afternoon","Bike",23,4.57938144329897,44,0.09,"on time"
274,18.31,"Clear","Medium","Afternoon","Bike",25,3,79,0.231772151898734,"late"
167,6.76,"Foggy","Medium","Night","Bike",7,6,42,0.160952380952381,"on time"
841,0.76,"Clear","Low","Afternoon","Car",26,9,28,0.0271428571428571,"on time"
993,5.81,"Rainy","Medium","Evening","Bike",14,8,41,0.141707317073171,"on time"
647,12.08,"Clear","High","Afternoon","Scooter",16,4,60,0.201333333333333,"late"
819,1.57,"Rainy","Low","Evening","Car",16,1,30,0.0523333333333333,"on time"
485,11.89,"Clear","Medium","Afternoon","Bike",28,0,79,0.150506329113924,"late"
981,7.02,"Clear","Medium","Evening","Car",23,2,53,0.132452830188679,"on time"
505,13.85,"Clear","Low","Evening","Bike",29,5,71,0.195070422535211,"late"
832,9.32,"Rainy","Medium","Evening","Scooter",24,2,71,0.131267605633803,"late"
244,7.72,"Foggy","High","Evening","Bike",19,4,64,0.120625,"late"
567,8.15,"Rainy","Low","Afternoon","Bike",26,2,50,0.163,"on time"
876,3.54,"Rainy","Medium","Afternoon","Scooter",17,4,41,0.0863414634146342,"on time"
563,3.16,"Snowy","Low","Morning","Car",9,4.57938144329897,27,0.117037037037037,"on time"
687,11.65,"Windy","Low","Night","Bike",10,3,53,0.219811320754717,"on time"
190,5.22,"Snowy","Medium","Unknown","Scooter",14,3,43,0.121395348837209,"on time"
783,5.41,"Clear","High","Morning","Scooter",17,6,38,0.142368421052632,"on time"
700,9.88,"Rainy","Medium","Morning","Car",7,0,43,0.229767441860465,"on time"
476,19.86,"Rainy","High","Evening","Bike",12,8,71,0.279718309859155,"late"
682,5.53,"Windy","High","Morning","Bike",23,4,59,0.093728813559322,"late"
511,12.46,"Foggy","Low","Afternoon","Bike",10,1,62,0.200967741935484,"late"
59,1.38,"Clear","Medium","Morning","Car",6,3,17,0.0811764705882353,"on time"
475,10.79,"Clear","Medium","Evening","Scooter",24,1,65,0.166,"late"
561,14.23,"Clear","Medium","Afternoon","Scooter",23,7,70,0.203285714285714,"late"
857,1.21,"Snowy","Low","Afternoon","Bike",22,1,39,0.031025641025641,"on time"
748,11.1,"Clear","Low","Afternoon","Bike",18,7,56,0.198214285714286,"on time"
253,17.1,"Clear","Medium","Evening","Bike",25,5,65,0.263076923076923,"late"
22,3.22,"Clear","Medium","Afternoon","Bike",19,9,32,0.100625,"on time"
314,19.27,"Foggy","Medium","Morning","Car",29,9,85,0.226705882352941,"late"
460,2.82,"Rainy","Medium","Evening","Scooter",10,1,29,0.0972413793103448,"on time"
161,7.67,"Foggy","Medium","Afternoon","Scooter",22,8,59,0.13,"late"
277,16.07,"Clear","Medium","Evening","Bike",16,5,64,0.25109375,"late"
956,7.97,"Windy","Medium","Evening","Scooter",9,8,35,0.227714285714286,"on time"
192,18,"Rainy","High","Night","Car",22,4.57938144329897,98,0.183673469387755,"late"
386,16.17,"Clear","Medium","Evening","Scooter",12,2,78,0.207307692307692,"late"
806,14.86,"Unknown","High","Night","Scooter",15,4,91,0.163296703296703,"late"
414,11.68,"Clear","Unknown","Afternoon","Scooter",25,7,70,0.166857142857143,"late"
492,12.59,"Clear","Low","Evening","Scooter",10,2,39,0.322820512820513,"on time"
344,8.96,"Snowy","Unknown","Morning","Car",6,5,51,0.175686274509804,"on time"
770,16.51,"Clear","Medium","Morning","Bike",7,1,79,0.208987341772152,"late"
309,16.01,"Clear","Low","Afternoon","Car",12,4,72,0.222361111111111,"late"
662,19.74,"Rainy","High","Afternoon","Scooter",11,7,81,0.243703703703704,"late"
131,8.64,"Snowy","Low","Evening","Bike",29,4,62,0.139354838709677,"late"
664,5.13,"Clear","Medium","Morning","Car",16,1,38,0.135,"on time"
872,5.78,"Clear","High","Morning","Bike",11,5,38,0.152105263157895,"on time"
100,2.6,"Clear","Low","Afternoon","Bike",16,1,29,0.0896551724137931,"on time"
373,2.34,"Foggy","Medium","Morning","Bike",8,2,28,0.0835714285714286,"on time"
88,12.93,"Clear","Medium","Morning","Scooter",20,8,58,0.222931034482759,"late"
459,1.6,"Clear","Medium","Evening","Bike",14,8,24,0.0666666666666667,"on time"
331,7.44,"Rainy","Low","Evening","Bike",27,4.57938144329897,53,0.140377358490566,"on time"
215,14.39,"Rainy","Medium","Morning","Scooter",6,4.57938144329897,50,0.2878,"on time"
467,6.07,"Unknown","Low","Afternoon","Bike",18,4,35,0.173428571428571,"on time"
122,17.97,"Windy","Medium","Morning","Scooter",28,7,92,0.195326086956522,"late"
615,17.53,"Clear","Low","Afternoon","Bike",14,6,79,0.221898734177215,"late"
21,12.43,"Rainy","High","Morning","Bike",13,6,70,0.177571428571429,"late"
701,10.89,"Windy","Medium","Evening","Bike",7,0,58,0.187758620689655,"late"
72,4.37,"Clear","Medium","Evening","Scooter",6,7,25,0.1748,"on time"
107,8.5,"Clear","High","Evening","Car",13,3,54,0.157407407407407,"on time"
271,16.28,"Rainy","Low","Morning","Scooter",8,9,71,0.229295774647887,"late"
861,15.62,"Snowy","High","Evening","Scooter",26,2,81,0.192839506172839,"late"
436,14.17,"Clear","Low","Afternoon","Bike",8,0,55,0.257636363636364,"on time"
103,6.63,"Foggy","Low","Night","Scooter",24,3,58,0.114310344827586,"late"
